-- --------------------------------------------------------
-- Host:                         127.0.0.1
-- Server version:               5.7.11 - MySQL Community Server (GPL)
-- Server OS:                    Win32
-- HeidiSQL Version:             9.4.0.5125
-- --------------------------------------------------------

/*!40101 SET @OLD_CHARACTER_SET_CLIENT=@@CHARACTER_SET_CLIENT */;
/*!40101 SET NAMES utf8 */;
/*!50503 SET NAMES utf8mb4 */;
/*!40014 SET @OLD_FOREIGN_KEY_CHECKS=@@FOREIGN_KEY_CHECKS, FOREIGN_KEY_CHECKS=0 */;
/*!40101 SET @OLD_SQL_MODE=@@SQL_MODE, SQL_MODE='NO_AUTO_VALUE_ON_ZERO' */;


-- Dumping database structure for sports_time
CREATE DATABASE IF NOT EXISTS `sports_time` /*!40100 DEFAULT CHARACTER SET latin1 */;
USE `sports_time`;

-- Dumping structure for table sports_time.asistance
CREATE TABLE IF NOT EXISTS `asistance` (
  `Date1` varchar(100) DEFAULT NULL,
  `Name_Athele` varchar(100) DEFAULT NULL,
  `State` varchar(100) DEFAULT NULL,
  `Name_Coach` varchar(100) DEFAULT NULL,
  `Jornada` varchar(100) DEFAULT NULL
) ENGINE=InnoDB DEFAULT CHARSET=latin1;

-- Dumping data for table sports_time.asistance: ~12 rows (approximately)
/*!40000 ALTER TABLE `asistance` DISABLE KEYS */;
INSERT INTO `asistance` (`Date1`, `Name_Athele`, `State`, `Name_Coach`, `Jornada`) VALUES
	('2018/03/28', 'Diana Almeida', 'Asistio', 'Sara  Chamseddine', 'Mañana'),
	('2018/03/28', 'Salma Chamseddine', 'Asistio', 'Sara  Chamseddine', 'Mañana'),
	('2018/03/28', 'Milena Hastamorir', 'No Asistio', 'Sara  Chamseddine', 'Mañana'),
	('2018/03/28', 'Sebastián Rojas', 'No Asistio', 'Sara  Chamseddine', 'Mañana'),
	('2018/03/28', 'Diego Leon', 'Asistio', 'Sara  Chamseddine', 'Mañana'),
	('2018/03/28', 'Mario Bolaños', 'Asistio', 'Sara  Chamseddine', 'Mañana'),
	('2018/03/29', 'Diana Almeida', 'Asistio', 'Sara  Chamseddine', 'Mañana'),
	('2018/03/29', 'Salma Chamseddine', 'Asistio', 'Sara  Chamseddine', 'Mañana'),
	('2018/03/29', 'Milena Hastamorir', 'Asistio', 'Sara  Chamseddine', 'Mañana'),
	('2018/03/29', 'Sebastián Rojas', 'Asistio', 'Sara  Chamseddine', 'Mañana'),
	('2018/03/29', 'Diego Leon', 'No Asistio', 'Sara  Chamseddine', 'Mañana'),
	('2018/03/29', 'Mario Bolaños', 'No Asistio', 'Sara  Chamseddine', 'Mañana');
/*!40000 ALTER TABLE `asistance` ENABLE KEYS */;

-- Dumping structure for table sports_time.athele_register
CREATE TABLE IF NOT EXISTS `athele_register` (
  `Name` varchar(100) DEFAULT NULL,
  `Lastname` varchar(100) DEFAULT NULL,
  `Password1` varchar(100) NOT NULL,
  `Identification_Card` varchar(100) DEFAULT NULL,
  `Coach` varchar(100) DEFAULT NULL,
  `Jornada` varchar(100) DEFAULT NULL,
  `Genre` varchar(100) DEFAULT NULL,
  `Born_Date` varchar(100) DEFAULT NULL,
  `Height` varchar(100) DEFAULT NULL,
  `weight` varchar(100) DEFAULT NULL,
  `Category` varchar(100) DEFAULT NULL,
  `Cellphone` varchar(100) DEFAULT NULL,
  `Role` varchar(100) DEFAULT NULL,
  `Description` varchar(100) DEFAULT NULL,
  `Eps` varchar(100) DEFAULT NULL,
  `Emergency_Number` varchar(100) DEFAULT NULL,
  `Allergies` varchar(100) DEFAULT NULL,
  `Diseases` varchar(100) DEFAULT NULL,
  PRIMARY KEY (`Password1`)
) ENGINE=InnoDB DEFAULT CHARSET=latin1;

-- Dumping data for table sports_time.athele_register: ~12 rows (approximately)
/*!40000 ALTER TABLE `athele_register` DISABLE KEYS */;
INSERT INTO `athele_register` (`Name`, `Lastname`, `Password1`, `Identification_Card`, `Coach`, `Jornada`, `Genre`, `Born_Date`, `Height`, `weight`, `Category`, `Cellphone`, `Role`, `Description`, `Eps`, `Emergency_Number`, `Allergies`, `Diseases`) VALUES
	('Luisa', 'Morales', '1c1d4df596d01da60385f0bb17a4a9e0', '951', 'Juan  Botonero', 'Tarde', 'M', '456', '45', '6456', '456', '456', '2', '45', '645', '6456', '456', '456'),
	('Diana', 'Almeida', '1ce927f875864094e3906a4a0b5ece68', '963', 'Sara  Chamseddine', 'Mañana', 'F', '456', '456', '456', '456', '456', '2', '45', '456', '456', '456', '546'),
	('Salma', 'Chamseddine', '22ac3c5a5bf0b520d281c122d1490650', '852', 'Sara  Chamseddine', 'Mañana', 'F', '456sd', '456', '456', '456', '456', '2', '456', '456', '456', '456', '456'),
	('Milena', 'Hastamorir', '250cf8b51c773f3f8dc8b4be867a9a02', '456', 'Sara  Chamseddine', 'Mañana', 'F', '456', '456', '456', '456', '456', '2', '456', '456', '456', '456', '456'),
	('Sebastián', 'Rojas', '2e65f2f2fdaf6c699b223c61b1b5ab89', '741', 'Sara  Chamseddine', 'Mañana', 'M', '456', '456', '456', '456', '456', '2', '456', '456', '456', '456', '456'),
	('Bibiana', 'Suárez', '310dcbbf4cce62f762a2aaa148d556bd', '333', 'Juan  Botonero', 'Tarde', 'F', '456', '45', '64', '564', '564', '2', '45', '6', '456', '456', '56'),
	('Snow ', 'Perrito', '698d51a19d8a121ce581499d7b701668', '111', 'Juan  Botonero', 'Tarde', 'M', '45', '645', '645', '456', '456', '2', '789', '789', '789', '789', '789'),
	('Diego', 'Leon', 'ab233b682ec355648e7891e66c54191b', '654', 'Sara  Chamseddine', 'Mañana', 'M', 'ghj', '5', '465', '456', '456', '2', 'sfsdf', '456', '456', '456', '456'),
	('Vire', 'Mata', 'b9228e0962a78b84f3d5d92f4faa000b', '412', 'Juan  Botonero', 'Tarde', 'F', '79', '789', '789', '78', '979', '2', '789', '789', '789', '789', '789'),
	('Ana', 'Sofía', 'bcbe3365e6ac95ea2c0343a2395834dd', '222', 'Juan  Botonero', 'Tarde', 'F', '789', '789', '789', '789', '798', '2', '789', '78', '9789', '789', '789'),
	('Mario', 'Bolaños', 'df6d2338b2b8fce1ec2f6dda0a630eb0', '123', 'Sara  Chamseddine', 'Mañana', 'F', '456', '456', '456', '456', '456', '2', 'shdja', 'dhsjkfq', '123', '123', '123'),
	('Moira', 'Fajardo', 'faa9afea49ef2ff029a833cccc778fd0', '423', 'Juan  Botonero', 'Tarde', 'F', '789', '78', '978', '978', '9789', '2', '789', '789', '789', '789', '789');
/*!40000 ALTER TABLE `athele_register` ENABLE KEYS */;

-- Dumping structure for table sports_time.coach_register
CREATE TABLE IF NOT EXISTS `coach_register` (
  `Name` varchar(100) DEFAULT NULL,
  `Lastname` varchar(100) DEFAULT NULL,
  `Password1` varchar(100) NOT NULL,
  `Identification_Card` varchar(100) DEFAULT NULL,
  `Genre` varchar(100) DEFAULT NULL,
  `Born_Date` varchar(100) DEFAULT NULL,
  `Height` varchar(100) DEFAULT NULL,
  `weight` varchar(100) DEFAULT NULL,
  `Category` varchar(100) DEFAULT NULL,
  `Cellphone` varchar(100) DEFAULT NULL,
  `Role` varchar(100) DEFAULT NULL,
  `Description` varchar(100) DEFAULT NULL,
  `Eps` varchar(100) DEFAULT NULL,
  `Emergency_Number` varchar(100) DEFAULT NULL,
  `Allergies` varchar(100) DEFAULT NULL,
  `Diseases` varchar(100) DEFAULT NULL,
  PRIMARY KEY (`Password1`)
) ENGINE=InnoDB DEFAULT CHARSET=latin1;

-- Dumping data for table sports_time.coach_register: ~2 rows (approximately)
/*!40000 ALTER TABLE `coach_register` DISABLE KEYS */;
INSERT INTO `coach_register` (`Name`, `Lastname`, `Password1`, `Identification_Card`, `Genre`, `Born_Date`, `Height`, `weight`, `Category`, `Cellphone`, `Role`, `Description`, `Eps`, `Emergency_Number`, `Allergies`, `Diseases`) VALUES
	('Juan ', 'Botonero', '202cb962ac59075b964b07152d234b70', '54632', 'M', 'dsf', '123', '123', 'dsjkl', '13516', '1', 'jkhjk', 'hjkhjk', '1516', 'hjkhk', 'hjkhjk'),
	('Sara ', 'Chamseddine', 'caf1a3dfb505ffed0d024130f58c5cfa', '321', 'F', '05/02/1998', '168', '60', '', '3022769506', '1', 'Ajkhsjfdka', 'ksajldka', '1231232', 'hfskjd', 'hdjskd');
/*!40000 ALTER TABLE `coach_register` ENABLE KEYS */;

-- Dumping structure for table sports_time.routing
CREATE TABLE IF NOT EXISTS `routing` (
  `Number` int(100) NOT NULL AUTO_INCREMENT,
  `Quantity` varchar(100) DEFAULT NULL,
  `Distance` varchar(100) DEFAULT NULL,
  `Style` varchar(100) DEFAULT NULL,
  `Date` varchar(50) DEFAULT NULL,
  PRIMARY KEY (`Number`)
) ENGINE=InnoDB AUTO_INCREMENT=15 DEFAULT CHARSET=latin1;

-- Dumping data for table sports_time.routing: ~12 rows (approximately)
/*!40000 ALTER TABLE `routing` DISABLE KEYS */;
INSERT INTO `routing` (`Number`, `Quantity`, `Distance`, `Style`, `Date`) VALUES
	(1, '55', '55', 'Espalda', '2018/03/28'),
	(2, '1000000100', '10000000', 'Espalda', '2018/03/29'),
	(3, '99999', '9999', 'Pecho', '2018/03/29'),
	(4, '99', '99', 'Espalda', '2018/03/29'),
	(5, '12', '15', 'Libre', '2018/03/29'),
	(6, '2', '5', 'Espalda', '2018/03/29'),
	(7, '', '', 'Espalda', '2018/03/29'),
	(8, '6', '3', 'Espalda', '2018/03/29'),
	(9, '7', '4', 'Espalda', '2018/03/29'),
	(10, '10', '10', 'Libre', '2018/03/29'),
	(11, '12', '12', 'Libre', '2018/03/29'),
	(12, '16', '16', 'Libre', '2018/03/29'),
	(13, '14', '14', 'Pecho', '2018/03/29'),
	(14, '5', '50', 'Pecho', '2018/03/29');
/*!40000 ALTER TABLE `routing` ENABLE KEYS */;

-- Dumping structure for table sports_time.times
CREATE TABLE IF NOT EXISTS `times` (
  `ID_Time` int(100) DEFAULT NULL,
  `ID_Routing` int(100) DEFAULT NULL,
  `ID_Athele` varchar(100) DEFAULT NULL,
  `Time1` varchar(100) DEFAULT NULL
) ENGINE=InnoDB DEFAULT CHARSET=latin1;

-- Dumping data for table sports_time.times: ~82 rows (approximately)
/*!40000 ALTER TABLE `times` DISABLE KEYS */;
INSERT INTO `times` (`ID_Time`, `ID_Routing`, `ID_Athele`, `Time1`) VALUES
	(1, 1, 'Diana Almeida', '0:0:08:14'),
	(1, 1, 'Salma Chamseddine', '0:0:10:22'),
	(1, 1, 'Milena Hastamorir', '0:0:10:25'),
	(1, 1, 'Sebastián Rojas', '0:0:03:33'),
	(1, 1, 'Diego Leon', '0:0:06:01'),
	(1, 1, 'Mario Bolaños', '0:0:10:08'),
	(1, 1, 'Diana Almeida', '0:0:26:95'),
	(1, 1, 'Salma Chamseddine', '0:0:36:19'),
	(1, 1, 'Milena Hastamorir', '0:0:19:98'),
	(1, 1, 'Sebastián Rojas', '0:0:26:00'),
	(1, 1, 'Diego Leon', '0:0:24:20'),
	(1, 1, 'Mario Bolaños', '0:0:31:63'),
	(1, 1, 'Diana Almeida', '0:0:33:39'),
	(1, 1, 'Salma Chamseddine', '0:0:38:55'),
	(1, 1, 'Diego Leon', '0:0:40:19'),
	(1, 1, 'Mario Bolaños', '0:0:34:06'),
	(1, 2, 'Diana Almeida', '0:0:36:20'),
	(1, 2, 'Salma Chamseddine', '0:0:17:76'),
	(1, 2, 'Diego Leon', '0:0:15:53'),
	(1, 2, 'Mario Bolaños', '0:0:11:03'),
	(2, 1, 'Diana Almeida', '0:0:56:23'),
	(2, 1, 'Salma Chamseddine', '0:0:18:25'),
	(2, 1, 'Diego Leon', '0:0:08:53'),
	(2, 1, 'Mario Bolaños', '0:0:16:01'),
	(3, 3, 'Diana Almeida', '0:0:16:51'),
	(3, 3, 'Salma Chamseddine', '0:0:16:08'),
	(3, 3, 'Diego Leon', '0:0:15:98'),
	(3, 3, 'Mario Bolaños', '0:0:09:73'),
	(4, 1, 'Diana Almeida', '0:0:10:-1'),
	(4, 1, 'Milena Hastamorir', '0:0:07:44'),
	(4, 1, 'Diego Leon', '0:0:07:32'),
	(5, 2, 'Diego Leon', '0:0:12:67'),
	(5, 2, 'Diana Almeida', '0:0:21:56'),
	(5, 2, 'Salma Chamseddine', '0:0:22:07'),
	(5, 2, 'Milena Hastamorir', '0:0:11:60'),
	(6, 1, 'Diana Almeida', '0:0:27:04'),
	(6, 1, 'Salma Chamseddine', '0:0:25:37'),
	(6, 1, 'Milena Hastamorir', '0:0:27:69'),
	(6, 1, 'Sebastián Rojas', '0:0:25:71'),
	(7, 1, 'Diana Almeida', '0:0:01:70'),
	(7, 1, 'Salma Chamseddine', '0:0:01:63'),
	(7, 1, 'Milena Hastamorir', '0:0:0:91'),
	(7, 1, 'Sebastián Rojas', '0:0:01:88'),
	(8, 1, 'Diana Almeida', '0:0:04:75'),
	(8, 1, 'Salma Chamseddine', '0:0:03:97'),
	(8, 1, 'Milena Hastamorir', '0:0:04:17'),
	(8, 1, 'Sebastián Rojas', '0:0:04:63'),
	(9, 1, 'Diana Almeida', '0:0:05:21'),
	(9, 1, 'Salma Chamseddine', '0:0:05:19'),
	(9, 1, 'Milena Hastamorir', '0:0:05:16'),
	(9, 1, 'Sebastián Rojas', '0:0:04:18'),
	(10, 2, 'Diana Almeida', '0:0:03:02'),
	(10, 2, 'Salma Chamseddine', '0:0:03:19'),
	(10, 2, 'Milena Hastamorir', '0:0:03:22'),
	(10, 2, 'Sebastián Rojas', '0:0:03:43'),
	(11, 2, 'Diana Almeida', '0:0:03:19'),
	(11, 2, 'Salma Chamseddine', '0:0:03:20'),
	(11, 2, 'Milena Hastamorir', '0:0:03:18'),
	(11, 2, 'Sebastián Rojas', '0:0:03:08'),
	(12, 2, 'Diana Almeida', '0:0:09:39'),
	(12, 2, 'Salma Chamseddine', '0:0:07:07'),
	(12, 2, 'Milena Hastamorir', '0:0:08:86'),
	(12, 2, 'Sebastián Rojas', '0:0:06:02'),
	(13, 3, 'Diana Almeida', '0:0:02:66'),
	(13, 3, 'Salma Chamseddine', '0:0:02:58'),
	(13, 3, 'Milena Hastamorir', '0:0:02:76'),
	(13, 3, 'Sebastián Rojas', '0:0:02:97'),
	(14, 3, 'Diana Almeida', '0:0:04:36'),
	(14, 3, 'Salma Chamseddine', '0:0:04:43'),
	(14, 3, 'Milena Hastamorir', '0:0:04:95'),
	(14, 3, 'Sebastián Rojas', '0:0:06:30'),
	(1, 2, 'Diana Almeida', '0:0:20:20'),
	(1, 2, 'Diana Almeida', '0:0:16:20'),
	(2, 1, 'Diana Almeida', '0:0:46:23'),
	(2, 1, 'Diana Almeida', '0:1:16:23'),
	(3, 3, 'Diana Almeida', '0:0:16:51'),
	(3, 3, 'Diana Almeida', '0:0:16:51'),
	(10, 2, 'Salma Chamseddine', '0:0:25:37'),
	(10, 2, 'Salma Chamseddine', '0:0:25:37'),
	(10, 2, 'Salma Chamseddine', '0:0:25:37'),
	(10, 2, 'Salma Chamseddine', '0:0:25:37'),
	(10, 2, 'Salma Chamseddine', '0:0:25:37'),
	(10, 2, 'Salma Chamseddine', '0:0:25:37'),
	(10, 2, 'Diana Almeida', '0:0:03:19'),
	(10, 2, 'Diana Almeida', '0:0:09:39'),
	(10, 2, 'Diana Almeida', '0:0:05:21'),
	(11, 2, 'Diana Almeida', '0:0:03:19'),
	(11, 2, 'Diana Almeida', '0:0:09:39'),
	(11, 2, 'Diana Almeida', '0:0:03:02'),
	(11, 2, 'Diana Almeida', '0:0:04:36');
/*!40000 ALTER TABLE `times` ENABLE KEYS */;

/*!40101 SET SQL_MODE=IFNULL(@OLD_SQL_MODE, '') */;
/*!40014 SET FOREIGN_KEY_CHECKS=IF(@OLD_FOREIGN_KEY_CHECKS IS NULL, 1, @OLD_FOREIGN_KEY_CHECKS) */;
/*!40101 SET CHARACTER_SET_CLIENT=@OLD_CHARACTER_SET_CLIENT */;
